Name,Date,Tags,Sector,Countries
northernsafety.com,02/01/2024,"accounting reports, credit card information, finance po reports, project folders, qa documents, warehouse information",Distributor,United States
thompsoncreek.com,02/01/2024,"payroll, ar records, bank deposit confirmations, employee withholding certificate, kpi, learning and development",Service Provider,United States
mgfsourcing.com,02/01/2024,"finance/hr data, passwords, personal images, sales reports",Retail,United States
www.eurobulk.gr,10/01/2024,"Personal Information, Client Documents, Payroll Records, Accounting Files, Contracts, Tax Information",Transportation,Greece
usdermpartners.com,22/01/2024,"accounting & finance data, business office data, compliance data, employees personal folders and documents, legal data, scans and fax, credentialing data, human resources",Healthcare,United States
wielton.com.pl,23/01/2024,"change management documentation, currency exchange sheet, project documentations, project drawings",Transportation,Poland
keybenefit.com,23/01/2024,"audit data, client relations decouments, executive level documents, pmo documents, users and employee data",Financial Services,United States
dutyfreeamericas.com,23/01/2024,"duty free docs, finance docs, hr docs, legal docs",Retail,United States
atos.com,23/01/2024,"action logs, employee personal data, personal identification documents, project plan and organisation structure, vetting forms",Industrial Automation,Italy
posiplus.com,23/01/2024,"employee personal data, field service management procedures, password files",Manufacturing,Canada
hpecds.com,23/01/2024,"action logs, employee personal data, personal identification documents, project plan and organisation structure, vetting forms, data mart extractions, developer handover checklists",Technology,United Kingdom
pkaufmann.com,23/01/2024,"confidential information, hr, accounting and finance data, scanned documents, user personal information",Manufacturing,United States
memc.com,23/01/2024,"clients data, nda documents, personal employees documents and info, r&d/engineering data",Semiconductor,United States
www.broadgrain.com,23/01/2024,Company Analysis ,Agriculture,Canada
grupoamper.com,26/01/2024,"payroll, r&d data, scans, company data:hr, finance, pmo data, users and employee personal data",Telecommunication,Spain
scrubsandbeyond.com,26/01/2024,"client services documents, employee records, payroll/accounting information",Healthcare,United States
www.tbmdf.com,04/02/2024,"Invoice Documents, Business Process Documents ",Industrial Machinery & Equipment,United States
modplan.co.uk,05/02/2024,"users personal data, director level data, finance data, payroll data",Construction,United Kingdom
www.ykp.com.br,07/02/2024,"Finance Documents, Marriage Certificates, Employee Payrolls, Real Estate Loans, Bank Statements, Accounting Documents, Employees Details",Consulting,Brazil
akdenizchemson.com,09/02/2024,"corporate data, department data, hr, users personal data, financial",Manufacturing,Australia
www.hariripontarini.com,11/02/2024,"Business Process Documents, Invoice Documents",Architecture,Canada
www.multidata.lu,11/02/2024,Business Process Documents,Technology,Luxembourg
www.plaistedcompanies.com,11/02/2024,"Personal Information, Client Documents, Financial Information",Mining,United States
www.jacksonpaper.net,11/02/2024,"Operation Documents, Project Documents, Business Process Documents ",Manufacturing,United States
www.messec.dk,11/02/2024,Operation Documents ,Tourism,Denmark
www.nobleenviro.com,11/02/2024,"Client Information, Bank Statement, Employee Information, Financial Documents, Invoice Documents",Environmental,United States
www.omega-industries.com,11/02/2024,"Personal Information, Client Documents, Financial Information",Manufacturing,United States
www.creativeplaythings.com,11/02/2024,"Personal Information, Client Information ",Retail,United States
www.dminj.com,11/02/2024,Business Process Documents ,Retail,United States
www.truefamilyenterprises.com,11/02/2024,"Personal Information, Pharmaceutical Data, Accounting Documents ",Venture Capital & Private Equity,United States
www.pipusa.com,11/02/2024,Not Yet Published,Manufacturing,United States
www.rsp.ca,11/02/2024,Client Documents,Accounting,Canada
www.baskervill.com,11/02/2024,"Project Documents, Business License",Architecture,United States
dynasafe.com,13/02/2024,"corporate data, projects data, users personal data",Security,Sweden
robson.com,13/02/2024,"clients data, corporate data, employeepersonal documents and folders",Real Estate,United States
elutia.com,13/02/2024,"corporate data, employee personal data, passports, scans, r&d documents, tax forms",Healthcare,United States
talalayglobal.com,13/02/2024,"accounting & finance data, business office data, compliance data, employees personal folders and documents, legal data, scans and fax, credentialing data, human resources",Manufacturing,United States
olsonsteel.com,13/02/2024,"confidential documents and drawings, employees and user personal data, hr/accounting data, projects and cad data",Construction,United States
ssiworld.com,13/02/2024,"department data, hr data, personal users data",Waste Management,United States
keytronic.com,16/02/2024,"corporate data, users personal data, hr/finance/engineering data",Manufacturing,United States
www.pwadc.net,21/02/2024,"Company Documents, Project Documents ",Distributor,United States
www.elginseparationsolutions.com,21/02/2024,"Accounting Documents, Payroll Data, Invoice Documents",Environmental,United States
www.belairbayclub.com,21/02/2024,"Client Documents, Payroll Data, Contracts ",Social Clubs,United States
www.swartzelectric.com,21/02/2024,Client Documents,Service Provider,United States
www.virginiadare.com,21/02/2024,Not Yet Published,F&B,United States
www.secooler.com,21/02/2024,"Client Information, Customer Information, Personal Documents ",Manufacturing,United States
atlasoil.com,22/02/2024,"corporate data, departments data, users personal data",Energy,United States
provencherroy.ca,22/02/2024,"cad, corporate data, projects data, 3d drawings, ottawa data",Architecture,Canada
trugreen.com,22/02/2024,"corporate data, personal users data, payroll/financial data",Service Provider,United States
gai-it.com,22/02/2024,"company data, project data, users personal data",Manufacturing,Italy
grupocadarso.com,22/02/2024,"corporate data, financial documents, group data, personal users data, client data",Retail,Portugal
mfgroup.it,22/02/2024,"corporate data, departments data, users personal data",Manufacturing,Italy
lactanet.ca,22/02/2024,"corporate data, personal users data, lab data",Agriculture,Canada
www.weldco-beales.com,24/02/2024,"Project Documents, Personal Information ",Manufacturing,Canada
www.evansdist.com,26/02/2024,Not Yet Published,Supply Chain Management,United States
www.headwaterco.com,26/02/2024,"Invoices, Credentials, Payrolls, Taxes, Insurance Documents",Water Treatment,United States
www.shootinghouse.com.br,28/02/2024,Not Yet Published,Saas,Brazil
swisspro.ch,29/02/2024,"corporate data, customer data, employee personal data",Engineering,Switzerland
ids-michigan.com,29/02/2024,"corporate data, project data, cad and drawings, personal data",Architecture,United States
teaspa.it,29/02/2024,"corporate data, employee personal data, project data",Energy,Italy
active-pcb.com,29/02/2024,"corporate data, personal users data, developer data, sales data, souce code",Manufacturing,England
synlab.com,29/02/2024,"corporate data, users personal data, anatomy), customer personal data, medical analysis (spermograms, toxicology",Healthcare,Germany
ayesa.com,29/02/2024,"cad, corporate data, employee personal data, project data",Consulting,Spain
www.seirus.com,03/03/2024,"Customer Information, Invoice Documents",Retail,United States
www.merchant.id,06/03/2024,Not Yet Published,Technology,Indonesian
www.farmersrice.com,07/03/2024,"Personal Information, Client Information, Internal Documents",Agriculture,United States
www.omicrongranite.net,07/03/2024,Not Yet Published,Construction,United States
www.clabots.be,07/03/2024,"Invoice Documents, Client Information ",Construction,Belgium
www.gdbinternational.com,07/03/2024,"Personal Information, Client Information, Internal Documents",Environmental  ,United States
www.seadeo.com,07/03/2024,Not Yet Published,Technology,United States
www.epibreads.com,07/03/2024,"Financial Documents, Employee Documents",F&B,United States
www.precom-inc.com,07/03/2024,"IT Documents, Contract Documents, Client Information",Technology,United States
www.spmundi.com.br,07/03/2024,"Customer Information, Documents, Operation Documents",Currency Exchange,Brazil
www.microchip.com,07/03/2024,"Personal Information, Client Documents, Financial Records, Payroll Data, Contracts, Tax documents.",Manufacturing,United States
www.pasolutions.com,07/03/2024,"Insurance Documents, Client Documents",Insurance,United States
www.rcg-llc.com,07/03/2024,Not Yet Published,Real Estate,United States
www.abcparts.net,07/03/2024,"Client Information, Bank Statement, Employee Information, Financial Documents, Invoice Documents",Automotive ,United States
www.bakersfield.com,07/03/2024,Not Yet Published,Media,United States
www.craingroup.com,07/03/2024,"Blueprints, Project Documents, IT Documents",Construction,United States
www.siea.sk,07/03/2024,Not Yet Published,Government,Slovakia
www.armourcoatings.com,07/03/2024,"Accounting Documents, Contracts, Legal Information",Manufacturing,United States
www.universalpure.com,07/03/2024,Not Yet Published,Manufacturing,United States
www.dvttechnologyltd.com,08/03/2024,"Customer Information, Payment Documents, Personal Identifications",Retail,Ireland
www.rekamy.com,08/03/2024,"Customer Information, Payment Documents, Personal Identifications",Saas,Malaysia
www.go4kora.tv,09/03/2024,"Customer Information, Customer Documents",Sports,Tuvalu
www.thesmsgroup.com,09/03/2024,"IT Documents, Invoice Documents",Technology,United States
www.eriemeats.com,10/03/2024,Not Published Yet,Manufacturing,Canada
www.scadea.com,10/03/2024,"MySQL Accounts, Personal Identifications, Private Records",Consulting,United States
www.computan.com,11/03/2024,"Customer Information, Personal Identifications, Payment Documents",Saas,United States
cmactrans.com,12/03/2024,"employee personal data, financial data, hr data",Transportation and Logistics,United States
cavotec.com,12/03/2024,"accounting and financial data, employee personal data, hr data, engineering and projects, technical r&d and drawings",Engineering,Switzerland
bdcm.com,12/03/2024,"corporate data, customer data, employee personal data",Financial Services,United States
www.kovra.com.my,12/03/2024,"Personal Identifications, Customer Information, Payment Documents",Manufacturing,Malaysia
thelawrencegroup.com,12/03/2024,"employee personal data, project data, drivers lisence and passports",Architecture,United States
true.co.uk,12/03/2024,"clients data, employee personal data, financial data, group data, legal data",Legal,United Kingdom
columbiapipe.com,12/03/2024,"accounts information, employee personal data, financial data, hr data, payroll, budget documents",Construction,United States
kmbdg.com,12/03/2024,"accounting documents, employee personal data, old and existing projects data",Consulting,United States
siemensmfg.com,12/03/2024,"cad, common data, hmo, newg",Manufacturing,United States
azdel.com,12/03/2024,"cad, contracts and agreements, corporate data, project data",Aerospace,South Korea
hymer-alu.de,12/03/2024,"employee personal data, project data, corrporate data",Manufacturing,Germany
www.mycinematech.com,13/03/2024,"Payroll Data, Employee Details ",Media,United States
www.adinareyter.com,14/03/2024,"Employee Details, Invoice Documents",Retail,United States
macphie.com,14/03/2024,"employee personal data, hr data, accounts data, fininacial data",Manufacturing,Scotland
www.ai-thermal.com,15/03/2024,Not Published Yet,Automotive ,United States
www.parkerdevco.com,15/03/2024,Not Published Yet,Construction,United States
www.trueblueenvironmental.com,15/03/2024,Not Yet Published,Environmental,United States
www.gridsme.com,15/03/2024,"Plan Documents, Invoice Documents, Client Documents",Energy,United States
www.telpro1.com,15/03/2024,"Infrastructure Documents, IT Documents, Technical Drawings",Technology,United States
www.nilorn.com,15/03/2024,Client Information  ,Packaging and Labeling,Sweden
crediblegroup.com,15/03/2024,"Financial Records, Contracts, Legal Information",Renovation,Canada
www.kinetx.com,15/03/2024,Not Published Yet,Aerospace,United States
www.granitdesign.com,15/03/2024,"Technical Documents, Design Documents, Client Documents ",Construction,Canada
www.millcreeklumber.com,15/03/2024,Not Published Yet,Construction,United States
www.alternateenergyhawaii.com,15/03/2024,"Financial Records, Contract Documents",Energy,United States
fluenthome.com,18/03/2024,"corporate data, employee personal data, r&d data",Security,Canada
arch-con.com,20/03/2024,"accounting data, admin data, corporate data, employee personal data",Construction,United States
patersoncooke.com,20/03/2024,"corporate data, drawings, employee personal data",Mining,South Africa
www.lapastina.com,20/03/2024,Not Yet Published,F&B,Brazil
www.industrialdealimentos.com,20/03/2024,"Databases, Finance Documents, IT Documents, HR Documents, IT Documents, Supplier's Recipes",Manufacturing,United States
doyon.com | doyondrilling.com,20/03/2024,"confidential information, corporate data, employee personal data, scans",Energy,United States
atlascontainer.com,22/03/2024,"accounting documents, corporate data, financial data, hr data",Manufacturing,United States
www.pgesco.com,22/03/2024,Not Yet Published,Energy,Egypt
robar.com,27/03/2024,"corporate data, financial data, hr data, payroll",Distributor,United States
schlesingerlaw.com,27/03/2024,"employee personal data, scans, document libraries",Legal,United States
sermo.com,27/03/2024,"employee personal data, financial data, projects data, patient data",Healthcare,United States
Parklane Group,27/03/2024,"accounting documents, clients data, corporate data, hr data",Hospitality,United Kingdom
numotion.com,27/03/2024,"employee personal data, hr data, legal data, payroll and financial data, users shared data",Healthcare,United States
processsolutions.com,27/03/2024,"cad, corporate data, employee personal data, projects data",Manufacturing,United States
gfgcapital.com,27/03/2024,"corporate data, quickbooks accounting documents",Financial Services,United States
duvel.com | boulevard.com,27/03/2024,"accounting data, employee personal data, hr data",F&B,Belgium
keystonetech.com,27/03/2024,"accounting data, employee personal data, financial data, hr data, it data, scans",Electronics,United States
pdq-airspares.co.uk,27/03/2024,"corporate data, employee personal data",Aerospace,United Kingdom
sierralobo.com,27/03/2024,"accounting data, employee personal data, payroll, project data",Aerospace,United States
theshootingwarehouse.com,27/03/2024,"accounting data, department data, employee personal data, hr data, payroll",Firearms,United States
rentacrate.com,27/03/2024,"employee personal data, personal documents, users and public data",Logistics,United States
jaytexgroup.com,27/03/2024,"accounting data, employee personal data, hr data, payroll",Retail,Canada
pctinternational.com,29/03/2024,"employee personal data, financial data, hr data",Telecommunication,United States
mjcelco.com,29/03/2024,"drawings, employee personal data, financial data, project and engineering data",Manufacturing,United States
www.officeops.com,30/03/2024,Not Yet Published,Technology,United States
www.odysseyfitnesscenter.com,30/03/2024,"Personal Information, Client Information, Financial Records",Healthcare,United States
organizedliving.com,01/04/2024,"accounting documents, corporate data, employee personal data, engineering data, hr data",Retail,United States
www.williamsconst.com,02/04/2024,Not Yet Published,Construction,United States
www.goldenbusiness.com,02/04/2024,"Client Documents, Invoice Documents",Technology,United States
www.gendroncorp.com,02/04/2024,"Construction Documents, Technical Documents",Construction,United States
www.gwextrusions.com,02/04/2024,"Technical Documents, Design Documents, Client Documents ",Manufacturing,United States
www.compactmould.com,02/04/2024,Not Yet Published,Manufacturing,Canada
www.itstaffing.com,02/04/2024,IT Documents,Technology,United States
www.mips.com,02/04/2024,"IT Documents, Client Information",Semiconductor ,United States
www.agenciahost.com,03/04/2024,Customer Data,Technology,Brazil
www.aretusamilano.it,04/04/2024,Not Yet Published,Service Provider,Italy
www.haydenpower.com,04/04/2024,Not Yet Published,Service Provider,United States
www.hcisystems.net,06/04/2024,Invoices,Safety and Risk Management,United States
www.betteraccountingsolutions.com,06/04/2024,Not Yet Published,Accounting,United States
www.nrshealthcare.com,07/04/2024,"Accounting Documents, Financial Reports, HR Documents, Reception, Contracts",Healthcare,United Kingdom
www.skywaycoach.ca,08/04/2024,"Customer Data, Driver License, Bills, Payment Documents, Order Histories, Earnings",Transportation,Canada
www.farmaciaflorio.com,08/04/2024,"Invoice Documents, Delivery Addresses, Database, Orders Information",Healthcare,Italy
ero-etikett.com,09/04/2024,"employee personal data, financial data",Manufacturing,Germany
carolinafoodsinc.com,09/04/2024,"accounting documents, corporate data, users personal data",F&B,United States
lagunitas.com,09/04/2024,"corporate data, employee personal data",Beverage,United States
amerlux.com,09/04/2024,"corporate data, employee personal data, drawings and engineering",Service Provider,United States
fpdcompany.com,09/04/2024,"accounting data, engineering data, engineering employees personal data, finance and legal data",Aerospace,United States
"Baca County Feedyard, Inc",09/04/2024,Not Yet Published,Manufacturing,United States
vilis.com,09/04/2024,"employee personal data, financial data, incident reports",F&B,Australia
State of Alabama - Alabama Department Of Education,09/04/2024,"Confidential, Customer's data, Financial data",Education,United States
bulwarkpestcontrol.com,09/04/2024,"contracts and agreements, corporate data",Service Provider,United States
northamericansigns.com,09/04/2024,"accounting data, cad, corporate data, design documents, employee personal data",Commercial Signage,United States
dgse.com,09/04/2024,"accounting data, corporate data, employee personal data",Jewlery,United States
otrwheel.com,09/04/2024,"customer data, engineering data, financial data, hr data, employee personal data and password files",Automotive,United States
prodrive.com,09/04/2024,"employee personal data, financial data, current and old), holding and corporate data, projects and r&d (new",Automotive,United Kingdom
www.cyncsolutions.com,09/04/2024,"Backup Storage S3, Third-Pary Companies Data, Server Credentials",Technology,United States
www.congoleum.com,10/04/2024,"Client Documents, Personal Information, Layout Documents ",Construction,United States
www.tpicorp.com,10/04/2024,Technical Documents ,Industrial Machinery & Equipment,United States
logistasolutions.com,10/04/2024,"department data, employee personal data",Technology,United States
willislease.com,10/04/2024,"corporate data, customer data, employee personal data, executive level data, hr data, nda, finance and accounting",Aviation,United States
flynncompanies.com,10/04/2024,"corporate data, employee personal data",Service Provider,Canada
www.21stcenturyenergygroup.com,10/04/2024,Not Yet Published,Energy,United States
www.robesoncoso.org,12/04/2024,"Personal Identifications, Case Records, Licenses, Evidence Reports",Law Enforcement,United States
The University and College Union,12/04/2024,Confidential,Education,United Kingdom
a4hs-dom.local,13/04/2024,Confidential,Healthcare,United States
Health Quality Council,13/04/2024,Confidential,Healthcare,Canada
www.texas-ec.org,13/04/2024,Not Yet Published,Energy,United States
www.eebpsa.com.co,13/04/2024,"Accounting Documents, Internal Management Documents",Energy,Colombia
Planar,16/04/2024,Confidential,Technology,United States
The Coffee Bean & Tea Leaf,16/04/2024,Confidential,F&B,United States
Storck-Baugesellschaft mbH,16/04/2024,"Confidential, Financial data, Customer's data",Construction,Germany
San Francisco Sheriff's Department (sjcso.local),16/04/2024,Not Yet Published,Law Enforcement,United States
Quantum Healthcare,16/04/2024,Confidential,Healthcare,United States
www.elyriafoundry.com,16/04/2024,Not Yet Published,Manufacturing,United States
www.texasrecycling.com,16/04/2024,Not Yet Published,Environmental,United States
www.innerspec.com,16/04/2024,"Technical Documents, Design Documents",Industrial Machinery & Equipment,United States
www.prairieathletic.com,16/04/2024,"Personal Information, Client Information ",Healthcare,United States
www.hyperice.com,16/04/2024,"Customer Information, Product sheet, Insurance Documents",Manufacturing,United States
www.fareriassociates.com,16/04/2024,"Layout Design, Bank Details, Invoice Documents",Real Estate,United States
www.inda.org,16/04/2024,Not Yet Published,Manufacturing,United States
www.grupocuevas.es,16/04/2024,Not Yet Published,Service Provider,Spain
www.fabricainfo.com,17/04/2024,"Personal Identifications, Business Documents, Customer Documents",Document Digitalization,Brazil
DINAS Corp,17/04/2024,"Financial data, Confidential, HR",Distributor,United States
Divine Interprises INC,17/04/2024,"Financial data, Confidential, Customer's data, Contracts",Transportation,United States
ERoko Distributors + Colonial Countertops,17/04/2024,"Confidential, Financial data, Contracts, HR, Incidents, Customer's data",Manufacturing,Canada
Nusser Mineralöl GmbH,17/04/2024,"Confidential, HR, Customer's data, Financial data, Contracts",Energy (Oil and Gas),Germany
Don’t Waste Group,17/04/2024,"Confidential, Financial data, Customer's data, Incidents, HR, Contracts",Waste Management,South Africa
E-Z Pack Holdings LLC,17/04/2024,"Confidential, Customer's data, Contracts, Incidents, HR, Financial data",Manufacturing,United States
Visionary Homes,17/04/2024,"Confidential, Financial data, HR",Real Estate,United States
igf-inc.com,18/04/2024,"employee personal data, hr data, financial tax and payroll data",Distributor,United States
creativeenvironments.com,19/04/2024,"employee personal data, hr data, payroll, account information, customer files",Landscaping,United States
linksunlimited.com,19/04/2024,"corporate data, payroll, accounting docuemnts, user shared data",Recruitment,United States
imperialtrading.com,19/04/2024,"accounting documents, executive level data, hr data",Retail,United States
interluxury.com,19/04/2024,"corporate data, design documents",Retail,Switzerland
nfllp.com,19/04/2024,"corporate data, employee personal data, insurance docuemnts, passport information, ssns",Legal,United States
HP Distribution,21/04/2024,"Confidential, Financial data, Customer's data",Transportation,United States
OnePoint Patient Care,21/04/2024,"Confidential, Customer's data",Healthcare,United States
Regent Care Center,21/04/2024,"Confidential, Financial data, Incidents",Healthcare,United States
Boombah Inc.,21/04/2024,"Confidential, Financial data, HR, Customer's data",Sports,United States
HL Lawson & Sons,22/04/2024,"Contracts, Confidential",Transportation,United States
www.harmanrealtors.com,22/04/2024,Not Yet Published,Real Estate,United States
nepa.gov.af&dfr.gov.af,22/04/2024,Not Yet Published,Government,Afghanistan
Catholic Charities,23/04/2024,Not Yet Published,Non-Profit,United States
maingroup,23/04/2024,"Contracts, Financial data, Confidential",Hospitality,Ireland
Association Management Strategies(AAMC.local),23/04/2024,"Confidential, Financial data, Customer's data, HR, Contracts",Consulting,United States
DERBY SCHOOL,23/04/2024,"Contracts, Financial data, Confidential, Contracts, Financial data, Confidential, Incidents",Education,United States
Cambridge University Press & Assessment,23/04/2024,"Confidential, Financial data, Customer's data, HR, Incidents",Education,United Kingdom
Norther n Bedford County School District (nbcsc.org),23/04/2024,Not Yet Published,Education,United States
Larc,23/04/2024,"Confidential, Financial data, Customer's data",Elderly Care Services,United States
Behavioral Health Response (bhr.local),23/04/2024,"Confidential, Financial data, Customer's data, Incidents, HR, Contracts",Non-Profit,United States
www.customconcrete.com,23/04/2024,"Client Documents, Technical Documents, Insurance Documents, Personal Documents ",Construction,United States
erne,23/04/2024,"Confidential, Contracts, Customer's data, Contracts, Confidential",Construction,"
Switzerland"
www.bungersteel.com,24/04/2024,Not Yet Published,Construction,United States
www.europeanprof.es,24/04/2024,Credentials,Saftey and Risk Management,Spain
www.promotionholdings.com,24/04/2024,IT Documents,Public Relations,United States
www.rrcaaccounts.com,24/04/2024,Not Yet Published,Debt Collection,United States
elmatic.de,24/04/2024,"contracts and agreements, corporate data",Engineering,Germany
Center for Human Capital Innovation (centerforhci.org),25/04/2024,"Confidential, Financial data, Customer's data, Contracts",Consulting,United States
Midwest Covenant Home,25/04/2024,"Confidential, Customer's data, Financial data",Non-Profit,United States
Talley Group,25/04/2024,"Contracts, Financial data, Customer's data, HR",Healthcare,United States
waupacacounty-wi.gov,25/04/2024,"Contracts, Incidents, Customer's data, Financial data",Government,United States
Guhring USA,25/04/2024,Not Yet Published,Manufacturing,United States
GBA GROUP,25/04/2024,"Contracts, Confidential, Financial data, Customer's data, HR, Confidential",Life Science Service,United States
A.L.P. Lighting Components,25/04/2024,Not Yet Published,Manufacturing,United States
www.designintoto.com.au,25/04/2024,Not Yet Published,Design,Australia
www.precisiontimesystems.com,25/04/2024,"Payment Documents, Business License, Insurance Documents, Business Communications",Technology,United States
www.jutebag.co.uk,25/04/2024,Not Yet Published,Retail,United Kingdom
www.inquesttechnologies.com,26/04/2024,Not Yet Published,Technology,United Kingdom
www.polaris.es,26/04/2024,Not Yet Published,Technology,Spain
Rockford Public School District,28/04/2024,"Confidential, Customer's data, Incidents, Contracts, Financial data, Confidential",Education,United States
Maryhaven (MHCLINICAL.LOCAL),28/04/2024,Not Yet Published,Healthcare,United States
Puyallup Tribe (ptoi.local),28/04/2024,Not Yet Published,Government,United States
City Of Coon Rapids,28/04/2024,Not Yet Published,Government,United States
Richland City Hall,28/04/2024,"Confidential, Financial data, Customer's data",Government,United States
Regional Obstetrical Consultants,28/04/2024,"Financial data, Customer's data, Confidential",Healthcare,United States
Ejército del Per,29/04/2024,"Confidential, Incidents, Contracts, HR, Financial data, Customer's data",Government,Peru
OCEANAIR,29/04/2024,"Financial data, Contracts, Customer's data, HR, Confidential",Transportation,United States
Sensory Spectrum,30/04/2024,Not Yet Published,Consulting,United States
Kito Canada,30/04/2024,Not Yet Published,Manufacturing,Canada
Seneca Nation Health System,30/04/2024,Confidential,Healthcare,United States
middletown-township.org,30/04/2024,"Contracts, Incidents",Government,United States
First Nations Health Authority (fnha.local),30/04/2024,"Contracts, Confidential, Financial data, Customer's data, HR, Incidents",Healthcare,Canada
cpacsystems.se,30/04/2024,"employee personal data, financial data, technical documentation",Automotive,Sweden
Access Sports Medicine & Orthopaedics,30/04/2024,"Confidential, Financial data, Customer's data, HR, Contracts",Healthcare,United States
Gorrie-Regan,30/04/2024,Not Yet Published,Technology,United States
Sacred Heart Community Service (shcstheheart.org),30/04/2024,Not Yet Published,Service Provider,United States
Crandall ISD (CISD.crandallisd.org),30/04/2024,"Contracts, Confidential, HR, Incidents, Customer's data, Financial data",Education,United States
Deeside Timberframe,30/04/2024,"Contracts, Financial data, Contracts, Confidential, Financial data, Incidents, Customer's data",Manufacturing,United Kingdom
aloft,30/04/2024,"Confidential, Financial data",Manfacturing,Portugal
CONTROLNET,30/04/2024,"Confidential, Customer's data",Technology,United States
www.hedrickbrothers.com,01/05/2024,"Client Documents, Technical Documents, Insurance Documents",Construction,United States
www.belletire.com,01/05/2024,"Private Documents, Customer Information",Automotive ,United States
www.harveyconst.com,01/05/2024,Not Yet Published,Construction,United States
Electric Mirror,01/05/2024,"Confidential, Contracts, Customer's data, HR, Financial data, Incidents, Contracts, Confidential, Financial data",Manufacturing,United States
www.extraco.ae,02/05/2024,Not Yet Published,Manufacturing,United Arab Emirates
Softura,02/05/2024,"Confidential, Customer's data, Financial data, Contracts, Financial data, Confidential, Contracts, Financial data, Contracts, Confidential",Technology,United States
www.chromacolors.com,02/05/2024,Not Yet Published,Manufacturing,United States
www.peteatlanta.com,02/05/2024,"Invoice Documents, Customer Information ",Manufacturing,United States
www.tpicorp.com,02/05/2024,Not Yet Published,Industrial Machinery & Equipment,United States
www.srfirms.com,02/05/2024,"Client Documents, Project Quotations, Planning Documents",Legal,United States
www.glit.com,02/05/2024,Trade Documents,Agriculture,United States
www.brainworks.com,03/05/2024,Not Yet Published,Technology,United States
www.eaglematerials.com,03/05/2024,"Invoice Documents, Client Documents",Construction,United States
Mainline Health Systems (MHS.local),03/05/2024,"Contracts, Confidential, Financial data, Customer's data, Incidents, HR",Healthcare,United States
xcelbrands.com,03/05/2024,"accounting documents, employee personal data, executive level data, private scans",Retail,United States
alanritchey.com,04/05/2024,"accounting documents, employee personal data, hr data, legal data",Construction,United States
fairmontfcu.com,04/05/2024,"corporate data, legal documents, scans, loans, user data",Financial Services,United States
hvd.host,04/05/2024,"accounting documents, employee personal data, financial data, legal documents",Manufacturing,Australia
activeconceptsllc.com,04/05/2024,"accounting documents, employee personal data, hr data, r&d",Cosmetics,United States
haas4.com,04/05/2024,"company data, employee personal data, projects data",Construction,United States
zircodata.com,04/05/2024,"employee personal data, financial data, it data, nda, rm/rmcorp",Document Management and Storage Services,Australia
fcw.ch,04/05/2024,"accounting documents, corporate data, hr data",Retail,Switzerland
gfad.de,04/05/2024,"financial data, employee shared folders, source code",Consulting,Germany
www.thaayakam.co.uk,04/05/2024,Not Yet Published,Technology,United Kingdom
goodinabernathy.com,04/05/2024,"corporate data, employee personal data, case data, confidential agreements",Legal,United States
scullionlaw.com,04/05/2024,"company data, employee personal data",Legal,United Kingdom
www.kamojou.co.za,05/05/2024,Not Yet Published,Trading & Procurement,South Africa
www.3gl.ca,05/05/2024,Not Yet Published,Technology,Canada
Audubon Nature Institute (auduboninstitute.org),05/05/2024,"Confidential, Contracts, Financial data, HR, Customer's data",Non-Profit,United States
California Highway Patrol (SVEL237.org),06/05/2024,"Incidents, Financial data, Confidential",Government,United States
William S. Hein & Co.,06/05/2024,"Confidential, Confidential, Contracts, Financial data, Customer's data, Incidents, HR",Publishing,United States
www.portosaofrancisco.com.br,06/05/2024,"Accounting Documents, HR Documents, Financial Reports, Reception, Contracts, Operation Documents, Employee Details",Maritime,Brazil
Sterling Transportation Services (sts.local),07/05/2024,"Confidential, HR, Financial data, Customer's data",Transportation,United States
www.lalengineering.com,07/05/2024,Not Yet Published,Construction,Sri Lanka
Specialty Market Managers,07/05/2024,"Confidential, Customer's data, Financial data, HR",Financial Services,United States
Continuing Healthcare Solutions (chs.local),07/05/2024,"Customer's data, Financial data, Contracts, Confidential, HR, Incidents",Healthcare,United States
Pinnacle Orthopaedics,08/05/2024,"Confidential, Customer's data, Financial data, Contracts, Incidents",Healthcare,United States
iseta.fr,08/05/2024,Not Yet Published,Education,France
www.seagulf.com,12/05/2024,"Contracts, Client Documents",Maritime,Canada
www.westmech-hvac.com,12/05/2024,Not Yet Published,Service Provider,United States
www.freightbillauditor.com,12/05/2024,"Contracts, Payrolls, Employee Information ",Logistics ,United States
Delano Adult School (DJUHSD.ORG),13/05/2024,"Confidential, Contracts, Financial data, Customer's data, HR, Incidents",Education,United States
City of Buckeye (buckeyeaz.gov),13/05/2024,"Contracts, Confidential, Financial data, Incidents, HR",Government,United States
www.dtindustrialflooring.com,13/05/2024,"Client Documents, Contracts",Construction,United States
okuant.com,13/05/2024,"Investment Documents,",Real Estate,Spain
www.crezit.com,13/05/2024,"Personal Identification, Internal Documents, Customer Documents",Financial Services,Spain
www.kinter.com,13/05/2024,"Payroll Data, Business License ",Manufacturing,United States
www.rrlaw.ca,13/05/2024,Not Yet Published,Legal,Canada
www.citybuilders.com,13/05/2024,"Contracts, Accounting Documents, Layout Documents",Construction,United States
www.aircleaningspecialists.com,13/05/2024,"Business Process Documents, Financial Documents ",Environmental,United States
www.corbinturf.com,13/05/2024,"Client Documents, Contracts, Financial Documents",Agriculture,United States
www.aldenhoven.nl,14/05/2024,"Contracts, Accounting Documents, Layout Documents",Renovation,Netherlands
www.eucatex.com.br,14/05/2024,"Application Source Codes, Financial Documents, Non-Disclosure Agreements, Contractors Information, Clients Information",Renovation,Brazil
drmsusa.com,14/05/2024,Not Yet Published,Technology,United States
www.neodesha.org,14/05/2024,Not Yet Published,Tourism,United States
www.rockymountainsales.com,14/05/2024,"Contract Information,Internal Documents, Agreement Documents, Invoices, Pricing Documents",Consulting,United States
www.monsterasmetall.se,14/05/2024,"Business Process Documents, Financial Documents, Legal Information ",Distributor,Sweden
www.amarillagas.com,14/05/2024,Not Yet Published,Energy,Argentina
www.chuoss.co.jp,15/05/2024,Not Yet Published,Healthcare,Japan
www.oriux.com,15/05/2024,"Accounting Documents, HR Documents, Financial Reports, Clients Information, Contracts",Transportation,United States
www.eastshoresound.com,16/05/2024,Not Yet Published,Service Provider,United States
www.houstonwastesolutions.com,17/05/2024,"Contract Documents, Client Information",Waste Management,Spain
Seaman's Mechanical,18/05/2024,"Contracts, Financial data, Contracts, Financial data, Confidential, Customer's data",Service Provider,United States
Eden Project Ltd,18/05/2024,Not Yet Published,Education,United Kingdom
Helapet Ltd,18/05/2024,Not Yet Published,Healthcare,United Kingdom
www.mataderodegijon.es,19/05/2024,Scada Access,Energy,Spain
www.brittanyhorne.com,20/05/2024,Not Yet Published,Consulting,United States
www.throttleup.io,20/05/2024,Not Yet Published,Consulting,United States
gravetye-manor,20/05/2024,"Contracts, Financial data, Customer's data",Hospitality,United Kingdom
NHS Scotland,20/05/2024,"Confidential, Financial data, Customer's data, Incidents, Contracts, HR",Healthcare,United Kingdom
Sobieski Services Inc,20/05/2024,"Confidential, Contracts, HR, Customer's data, Financial data, Incidents",Real Estate,United States
Leicester City Council,20/05/2024,"Confidential, Financial data, Customer's data, Contracts, HR, Incidents",Government,United Kingdom
www.acslabtest.com,20/05/2024,"Personal Identifications, Patient Records, Drug Tests, Insurance Data",Healthcare,United States
allied-mechanical-services-inc,20/05/2024,"Confidential, Customer's data",Service Provider,United States
dilweg.com,20/05/2024,"employee personal data, financial data, scans, qbooks accounting data",Financial Services,United States
usmerchants.com,21/05/2024,"corporate data, employee personal data, hr data, payroll, scans",Packaging and Distribution,United States
birchallfoodservice.co.uk,21/05/2024,"accounts information, corporate data, employee personal data, hr data, payroll",F&B,United Kingdom
team.jobs,21/05/2024,"employee personal data, hr data",Recruitment,Switzerland
climatech.com,21/05/2024,"accounting and financial data, hr data, payroll, employees folders and documents",Construction,United States
US-Saudi Arabian Business Council,22/05/2024,"Financial data, Confidential, Financial data, Customer's data, Contracts, Confidential, Customer's data, Contracts, Financial data, Confidential",Consulting,United States
Global Export Marketing Co. Ltd.,22/05/2024,"Confidential, Financial data, Contracts, Customer's data, HR",F&B,United States
Pro Metals LLC,22/05/2024,"Contracts, Financial data, Confidential, HR, Incidents, Customer's data",Service Provider,United States
www.psgbdvor.rs,28/05/2024,"IT Documents, Accounting Documents, Finance Documents, Project Documents, Client Database, Budget Documents, Taxes, Logistics & Supply Chain Documents, Production Data, HR Documents, Legal Documents, KPI, R&D Documents",Energy,Serbia
www.bjurholm.se,28/05/2024,Not Yet Published,Government,Sweden
www.walser.com,28/05/2024,"Client Documents, Sales Documents",Automotive ,United States
www.celluphone.com,28/05/2024,Not Yet Published,Telecommunications,United States
www.wwp.ch,28/05/2024,Not Yet Published,Legal,Switzerland
www.ntv.ca,28/05/2024,"Media Documents, Accounting Documents ",Media,Canada
www.elmhurstgroup.com,28/05/2024,"Contracts, Personal Information",Real Estate,United States
www.fplfood.com,28/05/2024,"Accounting Documents, Contracts, Legal Information",F&B,United States
www.levin-porter.com,28/05/2024,"Contracts, Accounting Documents, Layout Documents",Agriculture,United States
www.semicore.com,28/05/2024,Not Yet Published,Manufacturing,United States
www.metooshoes.com,28/05/2024,Not Yet Published,Fashion,United States
www.creditcentralllc.com,28/05/2024,"Contracts, Insurance Documents ",Debt Collection,United States
www.ardenbrook.com,29/05/2024,Not Yet Published,Real Estate,United States
Hardeman County Community Health Center,29/05/2024,"Confidential, Financial data, Customer's data",Healthcare,United States
www.visalighting.com,29/05/2024,Client Information  ,Manufacturing,United States
www.clevo.com.tw,29/05/2024,"Customer Information, Partner Information, Non-Disclosure Agreements, Drawings, Product Developments Documents",Manufacturing,Taiwan
Trylon Srl,30/05/2024,"Confidential, Contracts, Financial data, Customer's data, HR",Manufacturing,Canada
Ingo Money Inc,31/05/2024,"Confidential, Contracts, Customer's data, Financial data",Financial Services,United States
pacifica.co.uk,31/05/2024,"corporate data, customer documents, personal documents",Service Provider,United Kingdom
www.rdiglobalhospitality.com,01/06/2024,"Marketing Documents, Contracts",Tourism,United States
www.sicoob.com.br,01/06/2024,"Personal Identifications, Financial Documents, Non-Disclosure Agreements, Databases",Financial Services,Brazil
Frontier.com,01/06/2024,"Personal Identifications, Credit Scores, Clients Data",Telecommunications,United States
www.experistg.com,02/06/2024,Not Yet Published,Technology,United States
www.freemancompany.com,02/06/2024,Medical Documents,Machinery,United States
www.adn.com,02/06/2024,Not Yet Published,Media,United States
www.ugrocapital.com,05/06/2024,Not Yet Published,Technology,India
leonardssyrups.com,06/06/2024,"corporate data, employee personal data, financial data, hr data",F&B,United States
patriziapepe.com,06/06/2024,"corporate data, hr data, personal user folders",Retail,Italy
btl.info,06/06/2024,"corporate data, financial documents, personal documents, customer docuements",Service Provider,Germany
globalrescue.com,06/06/2024,"accounting documents, hr data, legal documents",Service Provider,United States
barberemerson.com,07/06/2024,"corporate data, customer documents, personal user folders",Legal,United States
ffppkg.co.uk,07/06/2024,"departments data, hr data, accounts, engineering, shared folders",Packaging,United Kingdom
It4 Solutions Robras Corp,10/06/2024,"Confidential, Financial data, Customer's data, Contracts",Technology,United States
smicusa.com,11/06/2024,Not Yet Published,Consulting,United States
www.novabitsrl.it,11/06/2024,Not Yet Published,Distributor,Italy
WEL Partners,11/06/2024,"Confidential, Financial data, Customer's data, Contracts",Legal,Canada
www.aspiretax.com,11/06/2024,"Accounting Documents, Financial Documents, Legal Information ",Accounting,United States
Waterford Country School Inc,13/06/2024,"Confidential, Customer's data, HR, Incidents, Financial data",Education,United States
Arkopharma,13/06/2024,"Confidential, Financial data, Customer's data, Incidents, HR, Contracts",Healthcare,France
Decatur Independent School District,13/06/2024,"Confidential, Customer's data, Financial data, Incidents, HR",Education,United States
Pifer's Auction & Realty,13/06/2024,"Confidential, Financial data, Customer's data",Real Estate,United States
multi-wing.com,13/06/2024,"Banking Information, Insurance Documents, Credentials",Manufacturing,Netherlands
NELLESFRERES,13/06/2024,"Contracts, Financial data, Confidential",Construction,Belgium
parlorenzo.com,16/06/2024,"Customer Information, Personal Identifications",Accounting,Spain
www.samorzad.gov.pl,16/06/2024,"Contracts, Accounting Documents",Government,Poland
asecos.com,17/06/2024,"corporate data, employee personal data, qa data",Security,Germany
sipicorp.com,17/06/2024,"accounting data, corporate data, employee personal data",Metals and Mining,United States
leclairgroup.com,17/06/2024,"401k forms, i-9 forms, insurance data",Insurance,United States
stemcor.com,17/06/2024,"employee personal data, financial and accounting data",Steel,United Kingdom
unitedindustries.co.nz,17/06/2024,"employee personal data, accounts and finance",Construction,New Zealand
Tech-Quip Inc,17/06/2024,"Contracts, Customer's data, Financial data, Confidential",Manufacturing,United States
www.apb-services.com,17/06/2024,"Contracts, Legal Information",Accounting,United States
www.badgertag.com,17/06/2024,Not Yet Published,Manufacturing,United States
www.mauritzon.net,17/06/2024,"Business Process Documents, Invoice Documents",Distributor,United States
www.somervilleinc.com,17/06/2024,Design Documents ,Architecture,United States
www.raymon-hvac.com,17/06/2024,"Financial Documents, Employee Documents, Invoice Documents",Service Provider,United States
www.uticamack.com,17/06/2024,"Invoice Documents, Client Documents",Automotive ,United States
www.sentrydatamgt.com,17/06/2024,Not Yet Published,Management ,United States
bitzsoftwares.com.br,17/06/2024,"Databases, Credentials, Credit Card Details, Personal Identifications",Technology,Brazil
www.kcscout.net,17/06/2024,Traffic Information ,Public Safety,United States
www.liderit.es,17/06/2024,Confidentiality Agreement,Consulting,Spain
www.nkparts.com,17/06/2024,"Contracts, Accounting Documents, Layout Documents",Logistics ,United States
www.ryderscott.com,17/06/2024,"Financial Information, Client Information, Contracts",Consulting,United States
www.tri-stategc.com,17/06/2024,"Business Process Documents, Financial Documents, Legal Information ",Construction,United States
www.livehelpnow.net,17/06/2024,"Business Process Information, Client Documents, Financial Documents",Retail,United States
www.profileproducts.com,18/06/2024,Not Yet Published,Environment,United States
Orange Public School District,18/06/2024,"Confidential, Financial data, Customer's data, Incidents, HR",Education,United States
www.hpsllc.us,18/06/2024,Not Yet Published,Telecommunications,United States
www.centralcivil.com,18/06/2024,Not Yet Published,Construction,United States
www.stainlessfoundry.com,18/06/2024,"Personal Information, Database, Client Documents",Manufacturing,United States
www.canatal.net,18/06/2024,Not Yet Published,Construction,United States
www.netabn.com,18/06/2024,"IT Documents, Accounting Documents, Taxes ",Technology,United States
aedifica.com,19/06/2024,"Layout Documents, Legal Information, Non Disclosure Agreements",Architecture,Canada
www.lbdc.state.ny.us,19/06/2024,Not Yet Published,Government,United States
Livability,19/06/2024,"Confidential, Customer's data, Financial data, HR, Incidents, Contracts",Non-Profit,United Kingdom
Alam Flora Sdn Bhd,19/06/2024,"Confidential, Customer's data, Financial data",Waste Management,Malaysia
www.toolmarts.com,19/06/2024,Design Documents ,Manufacturing,United States
www.invisio.com,19/06/2024,"Tender Documents, Email Exchanges, Meeting Minutes, Military Documents, Purchase Documents, Sales Documents",Military,Denmark
www.newhudsonfacades.com,19/06/2024,Not Yet Published,Construction,United States
www.gbricambi.it,20/06/2024,"Sales Documents, Customer Information, Product Documents, Financial Documents, Confidential Agreements",Technology,Italy
EFU Life Assurance Ltd,23/06/2024,"Confidential, Incidents, Financial data, Customer's data, Contracts, HR",Insurance,Pakistan
Pacific American Fish Company Inc.,23/06/2024,"Contracts, Financial data, Confidential, HR, Incidents, Customer's data",F&B,United States
Florida Memorial University,23/06/2024,"Customer's data, Incidents, Confidential, Financial data, Contracts, HR",Education,United States
coca-cola.com,23/06/2024,"Department documents, Databases",F&B,Myanmar
Greenpoint Technologies Inc,24/06/2024,"Confidential, Customer's data, Financial data, Incidents, HR, Contracts",Aerospace,United States
www.harrisranchbeef.com,24/06/2024,Not Yet Published,F&B,United States
equinocioplay.com.br,24/06/2024,"Legal Documents, Personal Documents, Configuration files, Credentials, Itineraries",Streaming,Brazil
Universal Sewing Supply Inc,25/06/2024,"Confidential, Financial data, Customer's data",Manufacturing,United States
prudentpublishing.com,25/06/2024,"employee personal data, hr data, tax confidential forms",Publishing,United States
agc.com,25/06/2024,"employee personal data, financial data, hr data, technical documentation",Manufacturing,Japan
daniellegroup.com,26/06/2024,Not Yet Published,Manufacturing,United Kingdom
www.mangimifusco.it,26/06/2024,"Personal Identifications, Client Documents, Budget Documents, Payroll Documents, Contract Documents, Taxes, Finance Douments",Manufacturing,Italy
www.yalemortgage.com,26/06/2024,"Financial Documents, Accounting Documents, Client Documents",Financial Services,United States
www.precisionfluidcontrols.com,26/06/2024,Not Yet Published,Aerospace,United States
www.originalherkimercheese.com,26/06/2024,Not Yet Published,F&B,United States
www.axip.com,26/06/2024,Not Yet Published,Energy,United States
"Law Offices of John V. Orrick, P.L.",27/06/2024,"Confidential, Financial data, Customer's data, Incidents",Legal,United States
www.cloudeurope.it,27/06/2024,"Databases, Personal Identifications, ",Data Management,Italy
www.cipl.org.in,27/06/2024,Not Yet Published,Technology,India
midamea.com,27/06/2024,"Layout Documents, Legal Information, Non Disclosure Agreements",Architecture,South Korea
www.paconvention.com,28/06/2024,Not Yet Published,Tourism,United States
www.sisautomatisering.nl,28/06/2024,Not Yet Published,Technology,Netherlands
Spandex.com,28/06/2024,Not Yet Published,Digital Media & Signs,Switzerland
www.alltruckbodies.com.au,28/06/2024,"Client Information, Bank Statement, Employee Information, Financial Documents, Invoice Documents",Transportation,Australia
www.jeowens.com,28/06/2024,"Tax Documents, Financial Documents, Employee Documents",Accounting,United States
www.eaminc.com,28/06/2024,"Business Process Documents, Planning Documents ",Manufacturing,United States
www.hauptmann.at,29/06/2024,"Personal Identifications, Bank Card Details",Carpentry,Austria
www.finecopneumatica.com,29/06/2024,Not Yet Published,Industrial Automation,Italy
www.nttdata.ro,01/07/2024,Not Yet Published,Consulting,Japan
www.sfmedical.de,01/07/2024,"Patient Records, Personal Identifications",Healthcare,Germany
Leoch Battery Corp,01/07/2024,"Confidential, Financial data, Customer's data",Energy,United States
"CellNetix Pathology & Laboratories, LLC",01/07/2024,"Confidential, Financial data, Customer's data, Contracts",Healthcare,United States
floridahealth.gov,01/07/2024,Not Yet Published,Government,United States
www.daesangamerica.com,02/07/2024,"Purchase Contracts, Sales Contracts, Commercial Invoice, Confidentiality Agreements, ",F&B,United States
Precision Technologies Group Ltd,02/07/2024,"Confidential, Financial data, Customer's data",Technology,Great Britain
www.zepter.de,02/07/2024,"Product Technical Drawings, Invoices",Metalworking & Aviation Technology,Germany
baiminstitute.org,03/07/2024,Not Yet Published,Clinical Research,United States
www.swcs-inc.com,03/07/2024,"Construction Blueprints, Plan Documents",Construction,United States
CORBETT EXTERMINATING Inc,05/07/2024,"Confidential, Financial data, Customer's data",Service Provider,United States
Benjamin Plumbing Inc,05/07/2024,"Confidential, Financial data, Customer's data",Service Provider,United States
DM Civil Construction Co,06/07/2024,Confidential,Construction,Australia
www.alabamaplate.com,09/07/2024,"Clients Information, Products Information, Accounting Documents, Budget Documents, HR Documents, Personal Documents, Oracle ERP Information",Manufacturing,United States
www.riteaid.com,11/07/2024,"Personal Identifications, Customer rewards number",Healthcare,United States
www.bfcsolutions.com,11/07/2024,Not Yet Published,Maintenance,United States
www.lynchaluminum.com,11/07/2024,"Project Documents, Schemes, Finance Documents, Bank Documents, Accounting Documents, Plan Documents",Manufacturing,United States
www.heritagecooperative.com,11/07/2024,"Business Process Documents, Financial Documents ",Agriculture,United States
www.mbtw.com,11/07/2024,Not Yet Published,Architecture,Canada
www.lsnetworks.net,11/07/2024,"IT Documents, Client Documents",Telecommunications,United States
www.newwpkg.com,11/07/2024,Not Yet Published,Manufacturing,United States
www.accessintel.com,11/07/2024,"IT Documents, Client Documents",Marketing,United States
www.netavent.dk,11/07/2024,"Contract Documents, Personal Identifcations, Finance Documents, Project Documents",Manufacturing,Denmark
www.eurostrand.de,11/07/2024,"Bank Documents, Finance Documents, Project Documents, HR Documents",Tourism,Germany
www.normandydiesel.fr,12/07/2024,"Customer Service Documents, Finance Documents, Logistic & Shipping Documents",Automotive,France
www.theatrixx.com,13/07/2024,"IT Documents, Financial Documents",Media,Canada
lmgroup.com,14/07/2024,Insurance Information,Printing,Canada
www.erma-rtmo.it,14/07/2024,"Email Exchanges, Personal Identifcations, Invoices, Financial Reports",Manufacturing,Italy
www.moldtechrubber.com,14/07/2024,"Client Information, Bank Statement, Financial Documents, Invoice Documents",Manufacturing,United States
nals.com,15/07/2024,"accounting documents, employee personal data, payroll, reports",Real Estate,United States
envea.global,15/07/2024,"contracts and agreements, hr data",Environmental Monitoring and Management,United Kingdom
dupont-restauration.fr,15/07/2024,employee personal folders and files,F&B,France
kivibros.com,15/07/2024,"accounting data, hr data, payroll",Transportation and Logistics,United States
haes.ca,15/07/2024,"admin data, financial data, hr data, projects data, executive and governance data",Equipment Rentals,Canada
www.glowfm.nl,16/07/2024,"Private Documents, Databases, Webmails, Source Code",Radio Broadcasting,Netherlands
www.newcastlewa.gov,16/07/2024,Personal Identifications,Government,United States
metalfrio.com.br,16/07/2024,"Products Technical Drawings, Financial Information, Suppliers Information, Clients Information, Contracts & NDA agreements",Distributor,Brazil
leonardsexpress.com,16/07/2024,"financial data, passports, 1099 information, insurance documents, ssn",Transportation and Logistics,United States
"Otolaryngology Associates, LLC",16/07/2024,"Confidential, Financial data, Customer's data, HR",Healthcare,United States
ceopag.com.br / ceofood.com.br,16/07/2024,"Private Documents, Databases, Webmails, Source Code",Financial Services,Brazil
www.benchinternational.com,16/07/2024,Customer Documents,Recruitment,United States
www.feldsteinandstewart.com,16/07/2024,"Tax Documents, Financial Documents, Employee Documents",Accounting,United States
hlbpr.com,16/07/2024,"Personal Identifications, Payment Information, Confidential Documents",Accounting,Puetro Rico
Lodan Electronics Inc,17/07/2024,"Confidential, Financial data, Customer's data",Manufacturing,United States
Hanzestrohm,17/07/2024,"Confidential, Financial data, HR",Service Provider,Netherlands
www.guysfloor.com,18/07/2024,"Client Documents, Financial Documents",Construction,United States
www.everbrite.com,18/07/2024,"Client Documents, Business Documents",Manufacturing,United States
pgd.pl,18/07/2024,Not Yet Published,Automotive,Poland
www.lambdaenergyllc.com,19/07/2024,Not Yet Published,Energy,United States
www.sitnsleep.com,19/07/2024,"Sales Data, Financial Documents, Employees Documents",Retail,United States
www.kumagaigumi.co.jp,19/07/2024,"Clients Information, Personal Identifications,Contracts Information",Construction,Japan
www.garudafood.com,20/07/2024,Customer Details,F&B,Indonesian
www.byzan.com,20/07/2024,Personal Identifications,Technology,India
graebener-group.com,22/07/2024,"employee personal folders and files, technical documentation",Energy,Germany
www.lsrl.com,22/07/2024,"IT Documents, Clients Documents",Semiconductor ,United States
www.neurologicalinstitute.com,22/07/2024,"IT & Security Documents, Business Licenses, Credentials, Billing Documents, Incident Reports, Lawsuits, Patients' Records, Personal Identifications",Healthcare,United States
sigmacontrol.eu,23/07/2024,"Meeting Minutes, Marketing Materials, Internet Subscription",Industrial Automation,Netherlands
ach.co.th,23/07/2024,"Private Documents, Databases, Webmails, Source Code",Insurance,Thailand
SISU Healthcare Solutions,23/07/2024,"Contracts, Financial data, Confidential, Customer's data",Healthcare,United States
bpjaguar.com,23/07/2024,"Personal Identifications, Legal Documents",Automotive,Mexico
oficina.oficinadasfinancas.com.br,24/07/2024,"Customers Documents, Employees Documents, Partners Documents, Webmails, Source Code",Financial Services,Brazil
panitchlaw.com,25/07/2024,Not Yet Published,Legal,United States
mrhme.org,25/07/2024,Not Yet Published,Healthcare,United States
cminsulation.com,25/07/2024,Not Yet Published,Service Provider,United States
baytoti.com,25/07/2024,Financial Documents,Food,Saudi Arabia
www.castelligroup.com,26/07/2024,"Personal Identifications, Email Exchanges, Financial Documents",F&B,Italy
www.whittakersystem.com,26/07/2024,"Bank Account Statements, Sales Documents",Service Provider,United States
www.weldplus.com,29/07/2024,"Insurance Documents, Project Documents",Manufacturing,United States
labor-koblenz.de,29/07/2024,Not Yet Published,Healthcare,Germany
www.pavilionconstruction.com,29/07/2024,Project Documents,Financial Services,United States
www.jmthompson.com,29/07/2024,"Project Documents, Employee Documents",Construction,United States
www.boingographics.com,29/07/2024,"Client Documents, Accounting Documents",Construction,United States
www.festspielhaus.de,29/07/2024,"Personal Information, Client Documents, Financial Records, Payroll Data",Entertainment,Germany
www.alberlaw.com,29/07/2024,"Law Documents, Client Documents, Employee Documents",Legal,United States
www.hartz.com,29/07/2024,"Customer Documents, Financial Documents, Employee Documents",Animal ,United States
www.qualityenclosures.com,29/07/2024,"Customer Documents, Accounting Dcouments",Construction,United States
verwarmingheyndrickx.be,30/07/2024,"Invoice Documents, Customer Documents",Service Provider,Belgium
www.bahia-principe.com,31/07/2024,"Commercial Documents, Incident Reports, Tax Reports, Guest Contracts, Casino Documents, HR Documents, Procurement Documents",Tourism,Dominican Republic
nydj.com,31/07/2024,Not Yet Published,Retail,United States
wgma.org,31/07/2024,"Contracts, HR Documents, Email Exchanges, Payroll Documents, Project Documents, Access Files, Accounting Documents",Maritime,United States
effinghamschools.com,01/08/2024,Not Yet Published,Education,United States
mcdowallaffleck.com.au,01/08/2024,"Project Blueprints, Quota Documents, Insurance Documents, Tender and Contract Documents, Client and Partner Information, Personal Identifications",Engneering,Austrailia
modernceramics.com,02/08/2024,"Financial Documents, Employers Lists, Customer Information",Manufacturing,United States
retaildatallc.com,02/08/2024,Not Yet Published,Data Analytics,United States
Direct Mail,05/08/2024,Confidential,Technology,Australia
DBK Partners,05/08/2024,"Confidential, Financial data, Contracts, Financial data, Customer's data",Legal,Czechia
pierrediamonds.com.au,06/08/2024,"Private Documents, Databases, Webmails, Source Code",Jewelry,Australia
www.sobha.com,06/08/2024,Not Yet Published,Real Estate,India
hudsoncivil.com.au,07/08/2024,Not Yet Published,Construction,Australia
amplicon.com,07/08/2024,"Confidentiality Agreement, Invoices, Customer Information",Industrial Automation,United Kingdom
inv-dar.com,08/08/2024,Not Yet Published,Financial Services,Kuwait
golfoy.com,08/08/2024,"Private Documents, Databases, Webmails, Source Code",Retail,India
rationalenterprise.com,08/08/2024,Not Yet Published,Saas,United States
kempe.com.au,09/08/2024,"Recruitment Documents, Legal Documents, Project Quotations, Employee Numbers, Invoices, Customer Documents, Payrolls, Personal Identification, System Compliance, Emails Exchanges, Purchase Orders, Inventory Documents",Engineering,Australia
alliuminteriors.co.nz,09/08/2024,"Private Documents, Databases, Webmails, Source Code",Renovation,New Zealand
www.premiertechnology.net,11/08/2024,"IT Documents, Infrastructure Documents",Design,United States
Jeffersoncountyclerk.org,11/08/2024,"Account Balances, Usernames & Passwords, Clerk Files, Report Documents, Financial Documents, Insurance Documents, Investigation of Employee Documents, Budget Documents, Contracts, 2024 Elections, Board Meeting Minutes",Public Administration,United States
naturalcuriosities.com,11/08/2024,"Private Documents, Databases, Webmails, Source Code",Art,United States
www.sree.com,11/08/2024,Not Yet Published,Technology,United States
www.bridgerins.com,11/08/2024,Not Yet Published,Tourism,United States
www.bitecsmi.com,11/08/2024,Not Yet Published,Insurance,United States
bedford.k12.oh.us,12/08/2024,"Budget Documents, Email Exchanges, Financial Documents",Education,United States
welevelup.com,13/08/2024,"Personal Identification, Patient's Records",Healthcare,United States
police.praca.gov.pl,14/08/2024,Not Yet Published,Law Enforcement,Poland
imobesidade.com.br,14/08/2024,"Patient Records, Personal Identifications",Healthcare,Brazil
ljglaw.com,14/08/2024,Not Yet Published,Legal,United States
Cleveland City School District,14/08/2024,"Financial data, Confidential, Incidents, HR",Education,United States
www.qigroup.ca,15/08/2024,"Personal Information, Client Documents, Financial Records",Manufacturing,Canada
www.fashions-uk.com,15/08/2024,Accounting Information,Retail,United Kingdom
www.atwoodcherny.com,15/08/2024,Client Information,Legal,United States
nrcollecties.nl,15/08/2024,Not Yet Published,Jewelry,Netherlands
www.aaconsultinc.com,15/08/2024,Not Yet Published,Consulting,United States
www.isnart.it,15/08/2024,Not Yet Published,Tourism,Italy
www.imagepointe.com,16/08/2024,"Invoice Documents, Client Documents",Transportation,United States
www.vinakom.com,16/08/2024,Not Yet Published,Telecommunications,United States
www.grassmidtransportinc.com,16/08/2024,"Design Documents, Financial Documents",Retail,United States
www.manotherm.ie,17/08/2024,Not Yet Published,Industrial Automation,Ireland
www.netconfig.co.za,17/08/2024,Not Yet Published,Technology,South Africa
www.regentcaravans.com.au,17/08/2024,Not Yet Published,Recreational Vehicles,Austrailia
glasstile.com,17/08/2024,"Financial Documents, Confidential Documents, Databases",Glass Tiles,United States
www.rudaauto.com,18/08/2024,Business Documents ,Retail,United States
UNITE HERE!,18/08/2024,"Confidential, Financial data, Customer's data",Labor Union,United States
ccsdschools.com,18/08/2024,"Budget Documents, Personal Identifications, Beneficiary Reports, Payroll Documents",Education,United States
Village Building,18/08/2024,Confidential,Construction,Australia
Vicon,18/08/2024,Confidential,Electronics,United States
www.qeo.com,19/08/2024,"Insurance Documents, Customer Documents",F&B,United States
www.schokinag.com,19/08/2024,"Business Process Documents, Financial Documents, Accounting Documents",Retail,Germany
www.bechtoldfenster.de,19/08/2024,Not Yet Published,Accounting,Germany
www.zsb.ca,19/08/2024,"Accounting Information, Financiali Documents, Employee Documents",Automotive ,Canada
www.mainvest.com,19/08/2024,Not Yet Published,Transportation,United States
blowerdempsay.com,20/08/2024,Not Yet Published,Packaging,United States
inlighten.net,20/08/2024,Not Yet Published,Digital Media,United States
www.banhampoultry.co.uk,21/08/2024,Not Yet Published,Poultry,United Kingdom
saudi arabia(general secretariat of the military service council),22/08/2024,Not Yet Published,Military,Saudi Arabia
Blueline Associates,22/08/2024,"Confidential, Customer's data",Construction,United States
BPG Building Partners Group,22/08/2024,Confidential,Construction,Germany
prasarana.com.my,25/08/2024,"Staffs Resignations, Budget Documents, Card Access, Product Specifications, Payment Documents, Personal Documents",Transportation,Malaysia
www.continental.aero,26/08/2024,Not Yet Published,Financial Services,United States
www.fbiconstruction.com,26/08/2024,"Client Information, Bank Statement, Financial Documents, Invoice Documents",Aerospace,United States
www.kool-air-inc.com,26/08/2024,Not Yet Published,Construction,Canada
www.influencecommunication.com,26/08/2024,Not Yet Published,Manufacturing,Canada
htsusa.com,26/08/2024,Not Yet Published,Technology,United States
www.spie-tec.de,26/08/2024,"Contracts, Confidential Engine Documents, Bank Transfers Documents",Engineering,Germany
rainierarms.com,26/08/2024,Not Yet Published,Firearms,United States
www.electriforce.com,27/08/2024,"Financial Documents, Customers and Parters Details, Bank Statements, Human Resource Documents, Company Documents, Adminstrators Documents",Service Provider,United States
dpfza.gov.dj,27/08/2024,"Employee Bank Details, Financial Reporting Documents, Payroll Documents",Maritime,Djibouti
www.chwa.com.tw,27/08/2024,Not Yet Published,Publishing,Taiwan
ciot.com,29/08/2024,Not Yet Published,Renovation,Canada
wilmingtoncc.org,29/08/2024,"Personal Identifications, Planning Documents, Education Certificates",Healthcare,United States
www.coastalcar.com,29/08/2024,"Product Documents, Invoice Documents",Media,United States
www.timortelecom.tl,30/08/2024,"Service Agreements, Personal Identifcations, Non-Disclosure Agreements, Debt Information, CEO Documents, Finance Documents",Telecommunications,East Timor
www.marketon.com,30/08/2024,"Financial Documents, Employee Documents ",Aerospace,United States
grant-associates.uk.com,30/08/2024,Not Yet Published,Architecture,United Kingdom
www.lfewines.com,30/08/2024,"Payments Advice, Order Information",Wine,United States
www.gruyeria.ch,30/08/2024,"Email Exchanges, Project Documents, Adminstrative Documents, Invoices, Contracts",Renovation,Switzerland
www.fenceauthority.com,30/08/2024,"Insurance Certificates, Installment Payment, Permit Documents, Employee Identifications",Service Provider,United States
www.citebd.org,30/08/2024,Not Yet Published,Publishing,France
www.johnkellys.com,30/08/2024,"Order Invoices, Letter Of Credit, Export Document, Product Specification Sheet, Finance Documents",Fragrance,United Kingdom
www.suvacity.org,30/08/2024,"Budget Documents, Email Exchanges, Certificate of Insurance, Personal Identifications",Public Administration,Fiji
www.primariatm.ro,30/08/2024,"Company contracts, Educational Certifications, Personal Identifications",Public Administration,Romania
www.mineduc.gob.gt,30/08/2024,"Personal Identification, Operational Data, HR Documents, Planning Documents, Database, Staff Documents, Student Documents, Beneficiaries Document",Education,Guatemala
www.swinburne.edu,30/08/2024,"Personal Identifications, Quotation Documents, Educational Certifications, Applications, Bank Details, Payment Advices, Finance Documents, Audit Documents",Education,Australia
www.iiitd.ac.in,30/08/2024,"Resumes, Employee Details, School Examination Syallbus Details, Student Details, Hostel Lodging Documents, Budget Documents, Research Projects, Agreement Contracts, Non-Disclosure Agreements, Confidential Offers Documents",Education,India
www.iph-bet.fr,30/08/2024,"Commercial Documents, Email Exchanges",Construction,France
www.ramoncorripio.com,30/08/2024,"Contracts, Payment Advices, Personal Identifications",Distributor,United States
www.nissan-dubai.com,31/08/2024,"Car Ownership Details, Personal Identifications, QC Inspection Documents, Diagnostic Documents",Automotive,United Arab Emirates
www.compactmould.com,31/08/2024,"Employee Documents, Invoice Documents",Manufacturing,Canada
